{
  "project_info": {
    "project_number": "31649600156",
    "firebase_url": "https://nodetest1-58e09.firebaseio.com",
    "project_id": "nodetest1-58e09",
    "storage_bucket": "nodetest1-58e09.appspot.com"
  },
  "client": [
    {
      "client_info": {
        "mobilesdk_app_id": "1:31649600156:android:68a5806556f065a3d89359",
        "android_client_info": {
          "package_name": "com.example.aitms"
        }
      },
      "oauth_client": [
        {
          "client_id": "31649600156-qijkhep5qdkc70avldtogk9ic8ueroue.apps.googleusercontent.com",
          "client_type": 3
        }
      ],
      "api_key": [
        {
          "current_key": "AIzaSyDBX9phi2L0IdSM1WYTgdhqy_-9wNeLkgI"
        }
      ],
      "services": {
        "appinvite_service": {
          "other_platform_oauth_client": [
            {
              "client_id": "31649600156-qijkhep5qdkc70avldtogk9ic8ueroue.apps.googleusercontent.com",
              "client_type": 3
            }
          ]
        }
      }
    }
  ],
  "configuration_version": "1"
}